,row,col,change,rc
0,0,35,1.0693634809745824,a0b35
1,0,36,1.069431832520746,a0b36
2,0,37,1.0703246047476493,a0b37
3,0,38,1.0715732427705404,a0b38
4,0,39,1.07362079027773,a0b39
5,1,34,1.071017001290133,a1b34
6,1,35,1.0720095875193387,a1b35
7,1,36,1.0729207072680131,a1b36
8,1,37,1.073717214532872,a1b37
9,1,38,1.074528146254656,a1b38
10,1,39,1.0756033511170633,a1b39
11,2,34,1.076610007182188,a2b34
12,2,35,1.075595658333384,a2b35
13,2,36,1.0760652578136927,a2b36
14,2,37,1.0767061431369447,a2b37
15,2,38,1.0773604913340402,a2b38
16,2,39,1.0780510703695578,a2b39
17,2,40,1.079070025804562,a2b40
18,2,45,1.082070405598413,a2b45
19,3,34,1.0780841921473836,a3b34
20,3,35,1.0781234429065745,a3b35
21,3,36,1.0786014705882354,a3b36
22,3,37,1.0790929930795847,a3b37
23,3,38,1.0796183994518163,a3b38
24,3,39,1.0800806782565247,a3b39
25,3,40,1.0806437187800817,a3b40
26,3,41,1.0811302543918475,a3b41
27,3,42,1.0816809205887505,a3b42
28,3,43,1.0823386462726037,a3b43
29,3,44,1.082427917481103,a3b44
30,3,45,1.082444352863275,a3b45
31,4,12,1.0814023472765573,a4b12
32,4,13,1.0812803850603145,a4b13
33,4,33,1.0802659822588168,a4b33
34,4,34,1.080162236353752,a4b34
35,4,35,1.0801903979238754,a4b35
36,4,36,1.0805361591695501,a4b36
37,4,37,1.0808846885813148,a4b37
38,4,38,1.0812414363808796,a4b38
39,4,39,1.0815631380581465,a4b39
40,4,40,1.0818713667820068,a4b40
41,4,41,1.0821517301038062,a4b41
42,4,42,1.0823918003643918,a4b42
43,4,43,1.0826608120509675,a4b43
44,4,44,1.0827317296734715,a4b44
45,4,45,1.0827911573744955,a4b45
46,5,9,1.082761722400416,a5b9
47,5,10,1.083137422526181,a5b10
48,5,11,1.08243831676442,a5b11
49,5,12,1.0822311466737142,a5b12
50,5,13,1.0820791132384036,a5b13
51,5,14,1.0822096970074424,a5b14
52,5,32,1.0814806436201014,a5b32
53,5,33,1.0812263513760791,a5b33
54,5,34,1.0814317474048443,a5b34
55,5,35,1.0816538062283738,a5b35
56,5,36,1.0818749134948098,a5b36
57,5,37,1.0820868867157813,a5b37
58,5,38,1.0822909465667438,a5b38
59,5,39,1.0824627162629759,a5b39
60,5,40,1.0826138408304498,a5b40
61,5,41,1.0827231833910034,a5b41
62,5,42,1.0827886678200693,a5b42
63,5,43,1.0827987024221453,a5b43
64,5,44,1.0827475778546714,a5b44
65,5,45,1.0826519966209447,a5b45
66,6,8,1.0822458551989969,a6b8
67,6,9,1.0827572877761806,a6b9
68,6,10,1.0827887451794174,a6b10
69,6,11,1.082795943782245,a6b11
70,6,12,1.082746453287197,a6b12
71,6,13,1.0826743944636676,a6b13
72,6,14,1.0826291912799422,a6b14
73,6,15,1.083009680598226,a6b15
74,6,32,1.0822112402789537,a6b32
75,6,33,1.0822097316965575,a6b33
76,6,34,1.0822563511523762,a6b34
77,6,35,1.082487960008068,a6b35
78,6,36,1.082623010380623,a6b36
79,6,37,1.0827083389922938,a6b37
80,6,38,1.0827687565157205,a6b38
81,6,39,1.0828230968858132,a6b39
82,6,40,1.0827970588235294,a6b40
83,6,41,1.0827437716262975,a6b41
84,6,42,1.082639705882353,a6b42
85,6,43,1.0824760380622838,a6b43
86,6,44,1.0822942657938783,a6b44
87,6,45,1.0821714784267582,a6b45
88,7,6,1.0816420948738512,a7b6
89,7,7,1.0815722862588768,a7b7
90,7,8,1.081893428203849,a7b8
91,7,9,1.0823123702422144,a7b9
92,7,10,1.082493858131488,a7b10
93,7,11,1.0826250865051903,a7b11
94,7,12,1.0827170415224914,a7b12
95,7,13,1.0827718858131488,a7b13
96,7,14,1.0827981833910034,a7b14
97,7,15,1.0827847708196543,a7b15
98,7,34,1.08282048470227,a7b34
99,7,35,1.08278396298808,a7b35
100,7,36,1.0827895328719723,a7b36
101,7,37,1.082751642128351,a7b37
102,7,38,1.082685643216352,a7b38
103,7,39,1.082584731906546,a7b39
104,7,40,1.082424484668532,a7b40
105,7,41,1.082216045279535,a7b41
106,7,42,1.0819526816608998,a7b42
107,7,43,1.081621107266436,a7b43
108,7,44,1.0812510276550764,a7b44
109,8,7,1.0804661486239957,a8b7
110,8,8,1.0809224048442907,a8b8
111,8,9,1.0813093425605536,a8b9
112,8,10,1.0816335640138408,a8b10
113,8,11,1.0819040657439447,a8b11
114,8,12,1.082122750865052,a8b12
115,8,13,1.0822990484429065,a8b13
116,8,14,1.0824493696129827,a8b14
117,8,15,1.0826911356512263,a8b15
118,8,33,1.0825683633351548,a8b33
119,8,34,1.082585397790427,a8b34
120,8,35,1.0825028546712803,a8b35
121,8,36,1.0823812283737024,a8b36
122,8,37,1.0822271430770007,a8b37
123,8,38,1.082032724333696,a8b38
124,8,39,1.0818170869589143,a8b39
125,8,40,1.0815115487129374,a8b40
126,8,41,1.0811489915384753,a8b41
127,8,42,1.0807312088750374,a8b42
128,8,43,1.0802436438157808,a8b43
129,8,44,1.079647852258026,a8b44
130,8,45,1.078567490351361,a8b45
131,9,6,1.077567725007938,a9b6
132,9,7,1.0786350096532045,a9b7
133,9,8,1.079243858131488,a9b8
134,9,9,1.079773356401384,a9b9
135,9,10,1.0802332179930796,a9b10
136,9,11,1.0806289792387545,a9b11
137,9,12,1.0809735294117646,a9b12
138,9,13,1.0812652249134946,a9b13
139,9,14,1.0814980803447178,a9b14
140,9,15,1.0814901314986198,a9b15
141,9,16,1.0815166175304642,a9b16
142,9,17,1.08142235598155,a9b17
143,9,30,1.0832791151594015,a9b30
144,9,32,1.0818563965754553,a9b32
145,9,33,1.0819304987570173,a9b33
146,9,34,1.081819982698962,a9b34
147,9,35,1.0816332179930797,a9b35
148,9,36,1.081409688581315,a9b36
149,9,37,1.0811439683700643,a9b37
150,9,38,1.0808321817304967,a9b38
151,9,39,1.0804691604276793,a9b39
152,9,40,1.0800294117647058,a9b40
153,9,41,1.0795497404844292,a9b41
154,9,42,1.078990311418685,a9b42
155,9,43,1.0783521919075363,a9b43
156,9,44,1.0780978491035793,a9b44
157,9,45,1.078136751851047,a9b45
158,10,0,1.0676225827265449,a10b0
159,10,1,1.0687924632163364,a10b1
160,10,2,1.0697247530254124,a10b2
161,10,3,1.0715474867720531,a10b3
162,10,4,1.0727676919637539,a10b4
163,10,5,1.0739525801969572,a10b5
164,10,6,1.075412930052457,a10b6
165,10,7,1.0763045847750865,a10b7
166,10,8,1.0770476643598617,a10b8
167,10,9,1.0777115916955016,a10b9
168,10,10,1.0782996539792389,a10b10
169,10,11,1.0788209342560553,a10b11
170,10,12,1.0792790657439446,a10b12
171,10,13,1.079679671280277,a10b13
172,10,14,1.080028114186851,a10b14
173,10,15,1.0803287197231835,a10b15
174,10,16,1.0805890138408305,a10b16
175,10,17,1.0805535088800537,a10b17
176,10,18,1.0803677747175333,a10b18
177,10,30,1.0811414535074266,a10b30
178,10,31,1.0809437448726917,a10b31
179,10,32,1.080911764293556,a10b32
180,10,33,1.080714446366782,a10b33
181,10,34,1.0804807093425606,a10b34
182,10,35,1.080203892733564,a10b35
183,10,36,1.0798831314878894,a10b36
184,10,37,1.0795118512110726,a10b37
185,10,38,1.079086678200692,a10b38
186,10,39,1.07860329564762,a10b39
187,10,40,1.0780826611612295,a10b40
188,10,41,1.0774320069204153,a10b41
189,10,42,1.0767343425605536,a10b42
190,10,43,1.0763915129540107,a10b43
191,10,44,1.0765733676998201,a10b44
192,11,0,1.0644905387963277,a11b0
193,11,1,1.066104152249135,a11b1
194,11,2,1.0675990481526216,a11b2
195,11,3,1.068999134948097,a11b3
196,11,4,1.0702729238754325,a11b4
197,11,5,1.0714385813148788,a11b5
198,11,6,1.0725017301038062,a11b6
199,11,7,1.073467733564014,a11b7
200,11,8,1.0743444636678199,a11b8
201,11,9,1.0751348615916956,a11b9
202,11,10,1.075844723183391,a11b10
203,11,11,1.0764834775086505,a11b11
204,11,12,1.0770498269896194,a11b12
205,11,13,1.077554238754325,a11b13
206,11,14,1.0779985294117647,a11b14
207,11,15,1.0783884948096887,a11b15
208,11,16,1.0787242214532873,a11b16
209,11,17,1.0790173875432527,a11b17
210,11,18,1.0790125590067667,a11b18
211,11,29,1.0788091956354384,a11b29
212,11,30,1.0794460825973462,a11b30
213,11,31,1.079388062283737,a11b31
214,11,32,1.0791635813148788,a11b32
215,11,33,1.0788976643598616,a11b33
216,11,34,1.0785853806228374,a11b34
217,11,35,1.0782243944636678,a11b35
218,11,36,1.0778126297577855,a11b36
219,11,37,1.0773439544473247,a11b37
220,11,38,1.0768137694863567,a11b38
221,11,39,1.0762149191166985,a11b39
222,11,40,1.0755489113908063,a11b40
223,11,41,1.0747994693007585,a11b41
224,11,42,1.0746746622829555,a11b42
225,11,43,1.074140139325343,a11b43
226,12,0,1.0610567625444562,a12b0
227,12,1,1.0619576989619377,a12b1
228,12,2,1.0636074394463668,a12b2
229,12,3,1.0651365051903114,a12b3
230,12,4,1.0665495674740484,a12b4
231,12,5,1.0678506920415225,a12b5
232,12,6,1.069046366782007,a12b6
233,12,7,1.0701414359861592,a12b7
234,12,8,1.071143598615917,a12b8
235,12,9,1.0720535467128027,a12b9
236,12,10,1.072880276816609,a12b10
237,12,11,1.073626989619377,a12b11
238,12,12,1.0742964532871973,a12b12
239,12,13,1.0748968858131487,a12b13
240,12,14,1.0754335640138408,a12b14
241,12,15,1.0759076124567475,a12b15
242,12,16,1.0763217128027682,a12b16
243,12,17,1.076682266435986,a12b17
244,12,18,1.0768415158495406,a12b18
245,12,19,1.0767138180544313,a12b19
246,12,20,1.0766641510345285,a12b20
247,12,21,1.0767982920016468,a12b21
248,12,22,1.0768079351405055,a12b22
249,12,27,1.0766473669699477,a12b27
250,12,28,1.0766080740627444,a12b28
251,12,29,1.0772108483562992,a12b29
252,12,30,1.077381141868512,a12b30
253,12,31,1.0771456747404846,a12b31
254,12,32,1.0768634785625244,a12b32
255,12,33,1.0765318171696814,a12b33
256,12,34,1.0761472824403218,a12b34
257,12,35,1.0757142666779038,a12b35
258,12,36,1.0752075119171236,a12b36
259,12,37,1.074645921993961,a12b37
260,12,38,1.0740150519031142,a12b38
261,12,39,1.0733103806228375,a12b39
262,12,40,1.0725375432525952,a12b40
263,12,41,1.072144519462004,a12b41
264,13,0,1.0553873503423914,a13b0
265,13,1,1.057377508650519,a13b1
266,13,2,1.059163062283737,a13b2
267,13,3,1.0608268166089965,a13b3
268,13,4,1.0623717128027683,a13b4
269,13,5,1.0638016435986157,a13b5
270,13,6,1.0651233564013842,a13b6
271,13,7,1.066339186851211,a13b7
272,13,8,1.0674590830449828,a13b8
273,13,9,1.0684839100346022,a13b9
274,13,10,1.0694147058823529,a13b10
275,13,11,1.0702640138408304,a13b11
276,13,12,1.071033823529412,a13b12
277,13,13,1.071726124567474,a13b13
278,13,14,1.072346366782007,a13b14
279,13,15,1.0728960207612457,a13b15
280,13,16,1.0733853565800646,a13b16
281,13,17,1.0738130369981773,a13b17
282,13,18,1.0741769409287136,a13b18
283,13,19,1.0744909440403576,a13b19
284,13,20,1.07475,a13b20
285,13,21,1.0749544117647059,a13b21
286,13,22,1.0750952876370288,a13b22
287,13,23,1.07472403628392,a13b23
288,13,24,1.074322465747466,a13b24
289,13,25,1.074325100376206,a13b25
290,13,26,1.0749153841816943,a13b26
291,13,27,1.0751634895612923,a13b27
292,13,28,1.0750518166089964,a13b28
293,13,29,1.0748712802768168,a13b29
294,13,30,1.074642214532872,a13b30
295,13,31,1.0743625432525952,a13b31
296,13,32,1.0740271288567491,a13b32
297,13,33,1.0736333830671658,a13b33
298,13,34,1.0731852447057812,a13b34
299,13,35,1.0726655432063743,a13b35
300,13,36,1.0720858452510458,a13b36
301,13,37,1.0715705333393186,a13b37
302,13,38,1.0717453986130665,a13b38
303,13,39,1.0699054746309675,a13b39
304,13,40,1.0693078258927466,a13b40
305,13,41,1.0705271626695272,a13b41
306,14,0,1.0522563727253056,a14b0
307,14,1,1.0523806228373702,a14b1
308,14,2,1.0542945501730103,a14b2
309,14,3,1.0560801038062284,a14b3
310,14,4,1.0577485294117646,a14b4
311,14,5,1.0592978373702422,a14b5
312,14,6,1.0607391003460207,a14b6
313,14,7,1.0620687716262975,a14b7
314,14,8,1.0632976643598615,a14b8
315,14,9,1.0644253460207613,a14b9
316,14,10,1.065464446366782,a14b10
317,14,11,1.0664096885813148,a14b11
318,14,12,1.0672692906574395,a14b12
319,14,13,1.068049221453287,a14b13
320,14,14,1.068749394463668,a14b14
321,14,15,1.069377629285656,a14b15
322,14,16,1.0699313941968471,a14b16
323,14,17,1.0704186851211073,a14b17
324,14,18,1.0708396193771625,a14b18
325,14,19,1.071198251531476,a14b19
326,14,20,1.071498476281837,a14b20
327,14,21,1.0717342056284354,a14b21
328,14,22,1.0719186851211073,a14b22
329,14,23,1.0720421280276815,a14b23
330,14,24,1.0721141003460208,a14b24
331,14,25,1.0721306228373702,a14b25
332,14,26,1.072090570934256,a14b26
333,14,27,1.0719961072664361,a14b27
334,14,28,1.0718461937716264,a14b28
335,14,29,1.0716342560553633,a14b29
336,14,30,1.0713741349480967,a14b30
337,14,31,1.0710489686420501,a14b31
338,14,32,1.0706650365364712,a14b32
339,14,33,1.070215956126177,a14b33
340,14,34,1.0696972263710658,a14b34
341,14,35,1.069113316585784,a14b35
342,14,36,1.0685091833991156,a14b36
343,14,37,1.0690433853705368,a14b37
344,14,38,1.0665416917073338,a14b38
345,14,39,1.066703813290587,a14b39
346,14,40,1.0671328331755165,a14b40
347,15,0,1.0472903367396256,a15b0
348,15,1,1.0473953393900797,a15b1
349,15,2,1.0490070934256055,a15b2
350,15,3,1.0509134083044984,a15b3
351,15,4,1.0526965397923875,a15b4
352,15,5,1.0543584775086505,a15b5
353,15,6,1.0559067474048442,a15b6
354,15,7,1.0573448096885814,a15b7
355,15,8,1.0586768166089964,a15b8
356,15,9,1.0599131487889273,a15b9
357,15,10,1.0610359861591696,a15b10
358,15,11,1.0620743079584773,a15b11
359,15,12,1.063021366782007,a15b12
360,15,13,1.0638812976184604,a15b13
361,15,14,1.0646565707686118,a15b14
362,15,15,1.0653522200437524,a15b15
363,15,16,1.0659718563770384,a15b16
364,15,17,1.0665160379841028,a15b17
365,15,18,1.0669886678200693,a15b18
366,15,19,1.067391955017301,a15b19
367,15,20,1.0677282871972318,a15b20
368,15,21,1.068003473478043,a15b21
369,15,22,1.0682040657439447,a15b22
370,15,23,1.068345328719723,a15b23
371,15,24,1.0684257785467128,a15b24
372,15,25,1.068442474048443,a15b25
373,15,26,1.068398096885813,a15b26
374,15,27,1.0682919550173011,a15b27
375,15,28,1.0681225778546715,a15b28
376,15,29,1.0678878892733563,a15b29
377,15,30,1.0675887991941753,a15b30
378,15,31,1.0672244851136237,a15b31
379,15,32,1.0667928361611598,a15b32
380,15,33,1.0662885476141575,a15b33
381,15,34,1.0657121241548337,a15b34
382,15,35,1.0652692546272855,a15b35
383,15,36,1.0654403719115078,a15b36
384,15,38,1.063339226170389,a15b38
385,15,39,1.0641442178959128,a15b39
386,16,1,1.0442655114074173,a16b1
387,16,2,1.04356728247836,a16b2
388,16,3,1.045331401384083,a16b3
389,16,4,1.047220588235294,a16b4
390,16,5,1.0489896193771626,a16b5
391,16,6,1.0506410034602076,a16b6
392,16,7,1.0521776816608996,a16b7
393,16,8,1.0536074394463668,a16b8
394,16,9,1.0549303633217995,a16b9
395,16,10,1.0561518166089965,a16b10
396,16,11,1.0572726643598616,a16b11
397,16,12,1.0582994196796798,a16b12
398,16,13,1.0592365730982194,a16b13
399,16,14,1.0600810553633218,a16b14
400,16,15,1.0608445501730104,a16b15
401,16,16,1.0615214532871973,a16b16
402,16,17,1.0621204689623436,a16b17
403,16,18,1.0626403683257948,a16b18
404,16,19,1.0630864740699244,a16b19
405,16,20,1.0634565111704346,a16b20
406,16,21,1.0637546650931418,a16b21
407,16,22,1.0639799418810136,a16b22
408,16,23,1.0641435533788755,a16b23
409,16,24,1.0642280737669103,a16b24
410,16,25,1.0642482000644118,a16b25
411,16,26,1.0641969160618865,a16b26
412,16,27,1.0640799307958477,a16b27
413,16,28,1.0638930397386408,a16b28
414,16,29,1.063635717902755,a16b29
415,16,30,1.06330286531345,a16b30
416,16,31,1.0629005190311418,a16b31
417,16,32,1.0624228134203348,a16b32
418,16,33,1.0618686851211072,a16b33
419,16,34,1.061237529163138,a16b34
420,16,35,1.0603452634569526,a16b35
421,16,36,1.0582864835837407,a16b36
422,16,37,1.0571871614934225,a16b37
423,16,38,1.05627566528099,a16b38
424,16,39,1.054958276185288,a16b39
425,16,40,1.054680652386872,a16b40
426,17,2,1.0380273775490414,a17b2
427,17,3,1.0393499502751304,a17b3
428,17,4,1.041339099535681,a17b4
429,17,5,1.0432053748248606,a17b5
430,17,6,1.0449535663284895,a17b6
431,17,7,1.0465851901621614,a17b7
432,17,8,1.0481014353326914,a17b8
433,17,9,1.0495126754556516,a17b9
434,17,10,1.0508128507595436,a17b10
435,17,11,1.0520141884796417,a17b11
436,17,12,1.0531196366782007,a17b12
437,17,13,1.0541251269192962,a17b13
438,17,14,1.0550392733564014,a17b14
439,17,15,1.0558603806228373,a17b15
440,17,16,1.0565940311418685,a17b16
441,17,17,1.0572443771626296,a17b17
442,17,18,1.057809169550173,a17b18
443,17,19,1.0582924740484427,a17b19
444,17,20,1.0586971453287197,a17b20
445,17,21,1.0590230983532318,a17b21
446,17,22,1.0592716167019247,a17b22
447,17,23,1.0594428486819807,a17b23
448,17,24,1.0595377386861462,a17b24
449,17,25,1.0595604597898425,a17b25
450,17,26,1.0595067108850935,a17b26
451,17,27,1.0593781301162815,a17b27
452,17,28,1.059172831828021,a17b28
453,17,29,1.0588916358708924,a17b29
454,17,30,1.0585304618910933,a17b30
455,17,31,1.058093339100346,a17b31
456,17,32,1.0575753394259209,a17b32
457,17,33,1.0569729238754326,a17b33
458,17,34,1.056285155349704,a17b34
459,17,35,1.0555128760139707,a17b35
460,17,36,1.0546533649653576,a17b36
461,17,37,1.052831693352343,a17b37
462,17,38,1.0527537135118312,a17b38
463,17,39,1.0531453492944793,a17b39
464,17,40,1.052697997020675,a17b40
465,18,2,1.0310612512558524,a18b2
466,18,3,1.03298330449827,a18b3
467,18,4,1.0350653979238755,a18b4
468,18,5,1.0370223183391003,a18b5
469,18,6,1.0388578291653787,a18b6
470,18,7,1.0405751528368792,a18b7
471,18,8,1.0421786152601376,a18b8
472,18,9,1.0436691818664439,a18b9
473,18,10,1.045050865051903,a18b10
474,18,11,1.0463237157942362,a18b11
475,18,12,1.0474993260175234,a18b12
476,18,13,1.0485690725616412,a18b13
477,18,14,1.0495441176470588,a18b14
478,18,15,1.0504210207612457,a18b15
479,18,16,1.0512081314878892,a18b16
480,18,17,1.0519031141868511,a18b17
481,18,18,1.052510553633218,a18b18
482,18,19,1.0530314878892735,a18b19
483,18,20,1.0534647923875433,a18b20
484,18,21,1.0538154844290657,a18b21
485,18,22,1.0540840153498814,a18b22
486,18,23,1.0542686516293587,a18b23
487,18,24,1.0543753915626402,a18b24
488,18,25,1.0543987794309824,a18b25
489,18,26,1.054338615673969,a18b26
490,18,27,1.054200711276305,a18b27
491,18,28,1.0539780009046837,a18b28
492,18,29,1.0536795877681717,a18b29
493,18,30,1.0532861994321474,a18b30
494,18,31,1.0528148788927336,a18b31
495,18,32,1.052258076739373,a18b32
496,18,33,1.0516116346658655,a18b33
497,18,34,1.0508788804979994,a18b34
498,18,35,1.0500509515570935,a18b35
499,18,36,1.0491317474048443,a18b36
500,18,37,1.0481160034602077,a18b37
501,18,38,1.04803818292791,a18b38
502,19,1,1.020277292058834,a19b1
503,19,2,1.0238929990644279,a19b2
504,19,3,1.0262420415224913,a19b3
505,19,4,1.0284096885813148,a19b4
506,19,5,1.030450865051903,a19b5
507,19,6,1.03236946366782,a19b6
508,19,7,1.0341660034602076,a19b7
509,19,8,1.0358479238754323,a19b8
510,19,9,1.0374129757785466,a19b9
511,19,10,1.0388665224913494,a19b10
512,19,11,1.0402092602442217,a19b11
513,19,12,1.041447084253814,a19b12
514,19,13,1.042577249134948,a19b13
515,19,14,1.0436097750865052,a19b14
516,19,15,1.0445415224913495,a19b15
517,19,16,1.0453765570934257,a19b16
518,19,17,1.0461153979238755,a19b17
519,19,18,1.046760294117647,a19b18
520,19,19,1.0473142733564014,a19b19
521,19,20,1.0477756920415227,a19b20
522,19,21,1.0481516435986158,a19b21
523,19,22,1.0484365051903115,a19b22
524,19,23,1.0486341385432587,a19b23
525,19,24,1.0487459342560554,a19b24
526,19,25,1.048771512982391,a19b25
527,19,26,1.048709206377055,a19b26
528,19,27,1.0485577756118456,a19b27
529,19,28,1.048322349932475,a19b28
530,19,29,1.0479989245566823,a19b29
531,19,30,1.0475877449653548,a19b30
532,19,31,1.0470858996539791,a19b31
533,19,32,1.0464900027183595,a19b32
534,19,33,1.0458048368535888,a19b33
535,19,34,1.0450241651213361,a19b34
536,19,35,1.0441493079584776,a19b35
537,19,36,1.0431740484429066,a19b36
538,19,37,1.0423928627803485,a19b37
539,19,38,1.045556895858464,a19b38
540,20,1,1.0147875579694343,a20b1
541,20,2,1.016765570934256,a20b2
542,20,3,1.0191423010380622,a20b3
543,20,4,1.0213881487889274,a20b4
544,20,5,1.0235082179930797,a20b5
545,20,6,1.025500865051903,a20b6
546,20,7,1.0273681660899654,a20b7
547,20,8,1.0291251730103805,a20b8
548,20,9,1.0307593425605537,a20b9
549,20,10,1.0322785467128026,a20b10
550,20,11,1.0336846709571885,a20b11
551,20,12,1.0349806228373701,a20b12
552,20,13,1.036170847750865,a20b13
553,20,14,1.0372556228373702,a20b14
554,20,15,1.0382353806228375,a20b15
555,20,16,1.0391136678200692,a20b16
556,20,17,1.0398954152249136,a20b17
557,20,18,1.0405744809688582,a20b18
558,20,19,1.0411607266435985,a20b19
559,20,20,1.041649740484429,a20b20
560,20,21,1.0420460207612456,a20b21
561,20,22,1.0423469478233525,a20b22
562,20,23,1.0425572278220914,a20b23
563,20,24,1.0426743944636678,a20b24
564,20,25,1.0426989743847506,a20b25
565,20,26,1.0426369700648452,a20b26
566,20,27,1.0424767279276372,a20b27
567,20,28,1.0422268280747,a20b28
568,20,29,1.041883081185062,a20b29
569,20,30,1.041448931835582,a20b30
570,20,31,1.0409181843073152,a20b31
571,20,32,1.0402908208585175,a20b32
572,20,33,1.039567142333165,a20b33
573,20,34,1.038744879411786,a20b34
574,20,35,1.0378239445069568,a20b35
575,20,36,1.0367962250398206,a20b36
576,20,37,1.0356637302998208,a20b37
577,20,38,1.0336602859368806,a20b38
578,20,39,1.030896077753604,a20b39
579,21,1,1.0101581546539977,a21b1
580,21,2,1.0097217628111463,a21b2
581,21,3,1.0116967993079584,a21b3
582,21,4,1.0140161764705882,a21b4
583,21,5,1.0162049307958478,a21b5
584,21,6,1.0182701557093425,a21b6
585,21,7,1.020208650519031,a21b7
586,21,8,1.0220255190311418,a21b8
587,21,9,1.0237243079584775,a21b9
588,21,10,1.025303633217993,a21b10
589,21,11,1.0267684284138878,a21b11
590,21,12,1.028122172297993,a21b12
591,21,13,1.0293606898839092,a21b13
592,21,14,1.0304950692041521,a21b14
593,21,15,1.031521366782007,a21b15
594,21,16,1.032439705882353,a21b16
595,21,17,1.0332558823529412,a21b17
596,21,18,1.0339732833048814,a21b18
597,21,19,1.0345857541956953,a21b19
598,21,20,1.0350981833910036,a21b20
599,21,21,1.0355141808709518,a21b21
600,21,22,1.0358330127381334,a21b22
601,21,23,1.0360525312735793,a21b23
602,21,24,1.036175865051903,a21b24
603,21,25,1.036203373702422,a21b25
604,21,26,1.0361342388895252,a21b26
605,21,27,1.0359682525951557,a21b27
606,21,28,1.0357068339100346,a21b28
607,21,29,1.035345732834682,a21b29
608,21,30,1.034887458096284,a21b30
609,21,31,1.0343307093425607,a21b31
610,21,32,1.0336734429065744,a21b32
611,21,33,1.0329146193771626,a21b33
612,21,34,1.0320531374930817,a21b34
613,21,35,1.031086729272198,a21b35
614,21,36,1.0300162702283542,a21b36
615,21,37,1.0288368511273804,a21b37
616,21,38,1.027548615916955,a21b38
617,21,39,1.0258294148432443,a21b39
618,21,40,1.0,a21b40
619,22,2,1.00478214161772,a22b2
620,22,3,1.0051466477733808,a22b3
621,22,4,1.0063361429073294,a22b4
622,22,5,1.008556920415225,a22b5
623,22,6,1.010687543252595,a22b6
624,22,7,1.012688321799308,a22b7
625,22,8,1.0145661764705882,a22b8
626,22,9,1.0163218858131489,a22b9
627,22,10,1.0179572664359862,a22b10
628,22,11,1.0194753460207613,a22b11
629,22,12,1.0208775951557092,a22b12
630,22,13,1.0221685760594397,a22b13
631,22,14,1.0233450641141484,a22b14
632,22,15,1.024412223040964,a22b15
633,22,16,1.0253694978652579,a22b16
634,22,17,1.0262211937716263,a22b17
635,22,18,1.0269650634716097,a22b18
636,22,19,1.0276061824325755,a22b19
637,22,20,1.0281437490943772,a22b20
638,22,21,1.0285750198947075,a22b21
639,22,22,1.0289088631294439,a22b22
640,22,23,1.029136574329191,a22b23
641,22,24,1.0292670465417972,a22b24
642,22,25,1.0292940861996331,a22b25
643,22,26,1.029221016840415,a22b26
644,22,27,1.0290477508650517,a22b27
645,22,28,1.0287740484429067,a22b28
646,22,29,1.0284000858196818,a22b29
647,22,30,1.027921073240044,a22b30
648,22,31,1.0273392733564013,a22b31
649,22,32,1.0266543252595157,a22b32
650,22,33,1.0258651384083044,a22b33
651,22,34,1.0249660032671815,a22b34
652,22,35,1.0239623160878963,a22b35
653,22,36,1.0228472318339101,a22b36
654,22,37,1.0216216782019596,a22b37
655,22,38,1.0202833139675305,a22b38
656,22,39,1.0188295215177958,a22b39
657,22,40,1.0165612135809594,a22b40
658,23,4,0.9997905796234448,a23b4
659,23,5,1.0005849480968858,a23b5
660,23,6,1.0027698096885813,a23b6
661,23,7,1.004826643598616,a23b7
662,23,8,1.006759429065744,a23b8
663,23,9,1.0085684256055363,a23b9
664,23,10,1.0102549307958477,a23b10
665,23,11,1.0118221453287197,a23b11
666,23,12,1.013269982698962,a23b12
667,23,13,1.0146042387543253,a23b13
668,23,14,1.0158202422145328,a23b14
669,23,15,1.0169264705882353,a23b15
670,23,16,1.0179196685184009,a23b16
671,23,17,1.018801839187928,a23b17
672,23,18,1.019572520890724,a23b18
673,23,19,1.0202388678657006,a23b19
674,23,20,1.020792593820409,a23b20
675,23,21,1.021245686678678,a23b21
676,23,22,1.021589965397924,a23b22
677,23,23,1.0218278546712802,a23b23
678,23,24,1.021963929013755,a23b24
679,23,25,1.0219939173491375,a23b25
680,23,26,1.0219181355435711,a23b26
681,23,27,1.0217388276451123,a23b27
682,23,28,1.0214515429277846,a23b28
683,23,29,1.0210636565149054,a23b29
684,23,30,1.0205650116514102,a23b30
685,23,31,1.0199618956136358,a23b31
686,23,32,1.0192518567679643,a23b32
687,23,33,1.0184310736394304,a23b33
688,23,34,1.0175031179256264,a23b34
689,23,35,1.016460212236469,a23b35
690,23,36,1.0153065743944636,a23b36
691,23,37,1.0140397711912974,a23b37
692,23,38,1.012655267896814,a23b38
693,23,39,1.0111574152939573,a23b39
694,23,40,1.0101264712823563,a23b40
695,23,41,1.0065628184998485,a23b41
696,24,4,0.994294042356383,a24b4
697,24,5,0.9936008211775196,a24b5
698,24,6,0.9945339965397924,a24b6
699,24,7,0.9966418685121107,a24b7
700,24,8,0.9986244809688581,a24b8
701,24,9,1.0004803633217993,a24b9
702,24,10,1.0022136678200693,a24b10
703,24,11,1.0038231833910036,a24b11
704,24,12,1.0053159169550174,a24b12
705,24,13,1.0066876297577856,a24b13
706,24,14,1.0079420415224913,a24b14
707,24,15,1.009081660899654,a24b15
708,24,16,1.010105276816609,a24b16
709,24,17,1.011016460979752,a24b17
710,24,18,1.011814446366782,a24b18
711,24,19,1.0125015670325253,a24b19
712,24,20,1.0130769031141869,a24b20
713,24,21,1.0135421280276815,a24b21
714,24,22,1.0138984429065743,a24b22
715,24,23,1.0141454152249136,a24b23
716,24,24,1.0142845155709341,a24b24
717,24,25,1.0143152249134948,a24b25
718,24,26,1.0142378892733563,a24b26
719,24,27,1.014051384083045,a24b27
720,24,28,1.0137561758149585,a24b28
721,24,29,1.0133518661285281,a24b29
722,24,30,1.0128383818660982,a24b30
723,24,31,1.0122148788927336,a24b31
724,24,32,1.0114813148788928,a24b32
725,24,33,1.0106333044982698,a24b33
726,24,34,1.0096749980255018,a24b34
727,24,35,1.0086013031412417,a24b35
728,24,36,1.0074142733564013,a24b36
729,24,37,1.0061268166089965,a24b37
730,24,38,1.0047016210093582,a24b38
731,24,39,1.0031581791413573,a24b39
732,24,40,1.0003791758107778,a24b40
733,24,41,0.9992582413984938,a24b41
734,25,5,0.9882876597441177,a25b5
735,25,6,0.9872910909954593,a25b6
736,25,7,0.9881473183391003,a25b7
737,25,8,0.9901734429065743,a25b8
738,25,9,0.9920737024221453,a25b9
739,25,10,0.9938476643598615,a25b10
740,25,11,0.9955012110726644,a25b11
741,25,12,0.9970272491349481,a25b12
742,25,13,0.9984354671280276,a25b13
743,25,14,0.9997251730103807,a25b14
744,25,15,1.0008926470588235,a25b15
745,25,16,1.0019443771626297,a25b16
746,25,17,1.0028817474048444,a25b17
747,25,18,1.003701903114187,a25b18
748,25,19,1.0044068470552328,a25b19
749,25,20,1.0050030276816608,a25b20
750,25,21,1.005481660899654,a25b21
751,25,22,1.00585,a25b22
752,25,23,1.0061050173010382,a25b23
753,25,24,1.0062478373702424,a25b24
754,25,25,1.0062785058299732,a25b25
755,25,26,1.006199758241783,a25b26
756,25,27,1.006006578299708,a25b27
757,25,28,1.0057035894910547,a25b28
758,25,29,1.0052885778743308,a25b29
759,25,30,1.004758767372931,a25b30
760,25,31,1.004116524271853,a25b31
761,25,32,1.003379757785467,a25b32
762,25,33,1.002509602293218,a25b33
763,25,34,1.0015215415034635,a25b34
764,25,35,1.0004188684944972,a25b35
765,25,36,0.9991951627055199,a25b36
766,25,37,0.9978566120524911,a25b37
767,25,38,0.9963969513197394,a25b38
768,25,39,0.9948122837370242,a25b39
769,25,40,0.9930836697792926,a25b40
770,25,41,0.9924087900317281,a25b41
771,26,6,0.9814824238877368,a26b6
772,26,7,0.9822992763638301,a26b7
773,26,8,0.9826320207029012,a26b8
774,26,9,0.984090318750232,a26b9
775,26,10,0.9857116893117553,a26b10
776,26,11,0.9869182505259652,a26b11
777,26,12,0.9884240484429065,a26b12
778,26,13,0.9898628027681662,a26b13
779,26,14,0.9911834775086505,a26b14
780,26,15,0.9923802768166089,a26b15
781,26,16,0.9934576124567475,a26b16
782,26,17,0.994418079584775,a26b17
783,26,18,0.9952585640138407,a26b18
784,26,19,0.9959834134980805,a26b19
785,26,20,0.9965917820069204,a26b20
786,26,21,0.9970811418685122,a26b21
787,26,22,0.9974610726643598,a26b22
788,26,23,0.9977237889273357,a26b23
789,26,24,0.9978693771626298,a26b24
790,26,25,0.9979021591237826,a26b25
791,26,26,0.9978205296007531,a26b26
792,26,27,0.9976220514181533,a26b27
793,26,28,0.9973126878356275,a26b28
794,26,29,0.99688704198133,a26b29
795,26,30,0.9963613912477189,a26b30
796,26,31,0.9957019621059857,a26b31
797,26,32,0.9949276369691569,a26b32
798,26,33,0.9940348137456992,a26b33
799,26,34,0.9930215036861447,a26b34
800,26,35,0.9918935873959687,a26b35
801,26,36,0.9906425605536333,a26b36
802,26,37,0.9892714107894549,a26b37
803,26,38,0.9877787780006413,a26b38
804,26,39,0.9861595155709343,a26b39
805,26,40,0.9847719316834461,a26b40
806,26,41,0.9849953640161244,a26b41
807,27,9,0.9767593963987787,a27b9
808,27,10,0.9797496658568775,a27b10
809,27,11,0.9817072653043667,a27b11
810,27,12,0.9801230859620942,a27b12
811,27,13,0.9809916089965397,a27b13
812,27,14,0.9823353806228374,a27b14
813,27,15,0.983692763566312,a27b15
814,27,16,0.9860359146138981,a27b16
815,27,17,0.9858060879389047,a27b17
816,27,18,0.9871570300974118,a27b18
817,27,19,0.987241437588446,a27b19
818,27,20,0.9878601781833767,a27b20
819,27,21,0.9883643598615918,a27b21
820,27,22,0.9887490484429067,a27b22
821,27,23,0.9890168685121107,a27b23
822,27,24,0.989168859315596,a27b24
823,27,25,0.9892002019452631,a27b25
824,27,26,0.9891174755318608,a27b26
825,27,27,0.9889162679829393,a27b27
826,27,28,0.9885964704361876,a27b28
827,27,29,0.9881793462389596,a27b29
828,27,30,0.9876240484429065,a27b30
829,27,31,0.9869497404844291,a27b31
830,27,32,0.9861561418685122,a27b32
831,27,33,0.9852443551704315,a27b33
832,27,34,0.9842115944446156,a27b34
833,27,35,0.9830576124567475,a27b35
834,27,36,0.9817827758433673,a27b36
835,27,37,0.9803836890034442,a27b37
836,27,38,0.9788614363723932,a27b38
837,27,39,0.9772133140125873,a27b39
838,27,40,0.976392166072605,a27b40
839,27,41,0.9731305449936628,a27b41
840,28,12,0.9723807922736387,a28b12
841,28,13,0.9730540909198193,a28b13
842,28,14,0.9749020680018478,a28b14
843,28,15,0.9781118868304839,a28b15
844,28,17,0.9802672599920794,a28b17
845,28,18,0.9795870275762056,a28b18
846,28,19,0.9783298048238318,a28b19
847,28,20,0.9788278757218919,a28b20
848,28,21,0.9793420940164285,a28b21
849,28,22,0.9797342560553632,a28b22
850,28,23,0.9800075157373728,a28b23
851,28,24,0.9801610739904065,a28b24
852,28,25,0.9801934695965224,a28b25
853,28,26,0.9801074321852931,a28b26
854,28,27,0.9799203287197231,a28b27
855,28,28,0.979595102755457,a28b28
856,28,29,0.9791458344798606,a28b29
857,28,30,0.9785856401384083,a28b30
858,28,31,0.9778976643598616,a28b31
859,28,32,0.9770900519031142,a28b32
860,28,33,0.9761605592764507,a28b33
861,28,34,0.9751085640138408,a28b34
862,28,35,0.9739322664359862,a28b35
863,28,36,0.9726372071624546,a28b36
864,28,37,0.9712140611563754,a28b37
865,28,38,0.9696637543252595,a28b38
866,28,39,0.9681721671004346,a28b39
867,28,40,0.9690546412709578,a28b40
868,29,19,0.9688641322865068,a29b19
869,29,20,0.969509169550173,a29b20
870,29,21,0.9700316677415232,a29b21
871,29,22,0.970431141868512,a29b22
872,29,23,0.9707085490509004,a29b23
873,29,24,0.9708640383795955,a29b24
874,29,25,0.9709167487174217,a29b25
875,29,26,0.9708305363321799,a29b26
876,29,27,0.9706205882352942,a29b27
877,29,28,0.9702897058823529,a29b28
878,29,29,0.9698307255607865,a29b29
879,29,30,0.9692611591695502,a29b30
880,29,31,0.9685626803910568,a29b31
881,29,32,0.9677426470588235,a29b32
882,29,33,0.9667989590656539,a29b33
883,29,34,0.9657293467717399,a29b34
884,29,35,0.964537197231834,a29b35
885,29,36,0.9632190911021045,a29b36
886,29,37,0.9617746539792388,a29b37
887,29,38,0.9602038927335641,a29b38
888,29,39,0.9586890222885798,a29b39
889,29,40,0.9551692770691702,a29b40
890,29,41,0.9503999644834767,a29b41
891,29,42,0.949596316302765,a29b42
892,30,18,0.9561239114099996,a30b18
893,30,19,0.959260229061002,a30b19
894,30,20,0.9599231833910036,a30b20
895,30,21,0.9604543478952955,a30b21
896,30,22,0.9608745089350484,a30b22
897,30,23,0.9611576618696042,a30b23
898,30,24,0.9613151899345247,a30b24
899,30,25,0.9613519896193772,a30b25
900,30,26,0.9612660034602076,a30b26
901,30,27,0.9610576989619378,a30b27
902,30,28,0.9607140916950317,a30b28
903,30,29,0.9602566812787302,a30b29
904,30,30,0.9596678850294854,a30b30
905,30,31,0.9589636028723703,a30b31
906,30,32,0.9581311418685121,a30b32
907,30,33,0.9571716201335397,a30b33
908,30,34,0.9560901995948784,a30b34
909,30,35,0.9548829276006966,a30b35
910,30,36,0.9535483411042589,a30b36
911,30,37,0.9520829584775087,a30b37
912,30,38,0.9505019613575837,a30b38
913,30,39,0.9504210501107694,a30b39
914,30,40,0.9407265774378586,a30b40
915,30,41,0.9442026851679384,a30b41
916,30,42,0.9436506722574697,a30b42
917,31,17,0.9457265877027098,a31b17
918,31,18,0.948470164563394,a31b18
919,31,19,0.9494433391003461,a31b19
920,31,20,0.9501045847750865,a31b20
921,31,21,0.950640570934256,a31b21
922,31,22,0.9510504325259516,a31b22
923,31,23,0.951336937716263,a31b23
924,31,24,0.9514956922405825,a31b24
925,31,25,0.9515318068570403,a31b25
926,31,26,0.9514416264584378,a31b26
927,31,27,0.9512247642960397,a31b27
928,31,28,0.950886446726722,a31b28
929,31,29,0.9504208543838382,a31b29
930,31,30,0.9498309688581315,a31b30
931,31,31,0.9491132608865696,a31b31
932,31,32,0.94827267586605,a31b32
933,31,33,0.9473034347103273,a31b33
934,31,34,0.9462080817446321,a31b34
935,31,35,0.9449884277554259,a31b35
936,31,36,0.9436380676304427,a31b36
937,31,37,0.9421642023561831,a31b37
938,31,38,0.9417393710345314,a31b38
939,31,39,0.9444114112214561,a31b39
940,31,40,0.9341643476418987,a31b40
941,31,41,0.93491567960913,a31b41
942,31,42,0.9337168179355873,a31b42
943,32,17,0.9396124637006947,a32b17
944,32,18,0.9406048403567241,a32b18
945,32,19,0.9393709483735339,a32b19
946,32,20,0.9400352941176472,a32b20
947,32,21,0.9405743944636679,a32b21
948,32,22,0.9409890138408304,a32b22
949,32,23,0.9412770761245676,a32b23
950,32,24,0.9414386399084973,a32b24
951,32,25,0.9414780595505964,a32b25
952,32,26,0.9413860898208131,a32b26
953,32,27,0.9411680795847751,a32b27
954,32,28,0.9408254325259515,a32b28
955,32,29,0.9403544117647059,a32b29
956,32,30,0.9397583910034603,a32b30
957,32,31,0.939035034602076,a32b31
958,32,32,0.9381846294891845,a32b32
959,32,33,0.9372070069204151,a32b33
960,32,34,0.9361024221453287,a32b34
961,32,35,0.9348696366782008,a32b35
962,32,36,0.9335076989619376,a32b36
963,32,37,0.9332512668359684,a32b37
964,32,38,0.9348196704265566,a32b38
965,32,40,0.9286977133705868,a32b40
966,32,41,0.9250750443850915,a32b41
967,32,42,0.9261000928745253,a32b42
968,33,18,0.9314639929475423,a33b18
969,33,19,0.9298823181414531,a33b19
970,33,20,0.9297464532871972,a33b20
971,33,21,0.9302926470588235,a33b21
972,33,22,0.9307100346020761,a33b22
973,33,23,0.9310004325259517,a33b23
974,33,24,0.9311637543252596,a33b24
975,33,25,0.9323069263732632,a33b25
976,33,26,0.9311372043985594,a33b26
977,33,27,0.9308896193771626,a33b27
978,33,28,0.9305442041522491,a33b28
979,33,29,0.930071107266436,a33b29
980,33,30,0.9294694636678201,a33b30
981,33,31,0.9287394223195007,a33b31
982,33,32,0.9278836255652683,a33b32
983,33,33,0.9268979238754326,a33b33
984,33,34,0.9259790174617867,a33b34
985,33,35,0.9258548833041437,a33b35
986,33,36,0.9260212686735895,a33b36
987,33,37,0.926464535395505,a33b37
988,33,41,0.9168248160406481,a33b41
989,33,42,0.912257200267917,a33b42
990,34,19,0.9192207200625694,a34b19
991,34,20,0.9192602076124567,a34b20
992,34,21,0.920253338804887,a34b21
993,34,22,0.922979618136806,a34b22
994,34,23,0.9235687922627227,a34b23
995,34,24,0.9241699176444547,a34b24
996,34,25,0.9254304486399545,a34b25
997,34,26,0.9241222340439861,a34b26
998,34,27,0.9203670823662317,a34b27
999,34,28,0.9200615051903115,a34b28
1000,34,29,0.9195853806228373,a34b29
1001,34,30,0.9189794215614906,a34b30
1002,34,31,0.9182469274429284,a34b31
1003,34,32,0.9173859861591696,a34b32
1004,34,33,0.9170970936227121,a34b33
1005,34,34,0.9178774035252122,a34b34
1006,34,35,0.9183617477191507,a34b35
1007,35,19,0.9119231995392795,a35b19
1008,35,20,0.9111780624210716,a35b20
1009,35,21,0.9096835192419592,a35b21
1010,35,27,0.9129820712512696,a35b27
1011,35,28,0.9118727949231626,a35b28
1012,35,29,0.9113817238130641,a35b29
1013,35,30,0.9088847854567524,a35b30
1014,35,31,0.9091703087507917,a35b31
1015,35,32,0.9104530544463385,a35b32
1016,35,33,0.9104381458559819,a35b33
1017,36,21,0.9043521196303873,a36b21
1018,36,29,0.902053388090349,a36b29
1019,36,30,0.8981814174715951,a36b30
1020,36,31,0.8969425674167265,a36b31
1021,37,29,0.8837131800601703,a37b29
1022,37,30,0.8848537262601456,a37b30
1023,37,31,0.8854121257220715,a37b31
1024,38,29,0.8759649162504535,a38b29
1025,38,30,0.8753843790779426,a38b30
1026,38,31,0.8764045462799136,a38b31
1027,39,29,0.8692418180841609,a39b29
1028,39,30,0.8683825832045833,a39b30
